<?xml version='1.0' encoding='UTF-8'?>
<PubmedArticleSet>
  <DeleteCitation>
<PMID Version="1">33952505</PMID>
<PMID Version="1">34078659</PMID>
<PMID Version="1">34192908</PMID>
<PMID Version="1">34192934</PMID>
<PMID Version="1">34284993</PMID>
<PMID Version="1">34374307</PMID>
<PMID Version="1">34428912</PMID>
<PMID Version="1">34470544</PMID>
<PMID Version="1">34475095</PMID>
<PMID Version="1">34475097</PMID>
<PMID Version="1">34554563</PMID>
<PMID Version="1">34598058</PMID>
<PMID Version="1">34698536</PMID>
<PMID Version="1">34700982</PMID>
<PMID Version="1">34701574</PMID>
<PMID Version="1">34732463</PMID>
<PMID Version="1">34738513</PMID>
<PMID Version="1">34738517</PMID>
<PMID Version="1">34773412</PMID>
<PMID Version="1">34792572</PMID>
<PMID Version="1">34797776</PMID>
<PMID Version="1">34806903</PMID>
<PMID Version="1">34876694</PMID>
<PMID Version="1">34878560</PMID>
<PMID Version="1">34878561</PMID>
<PMID Version="1">34878562</PMID>
<PMID Version="1">34878666</PMID>
<PMID Version="1">34879159</PMID>
<PMID Version="1">34879165</PMID>
<PMID Version="1">34879167</PMID>
<PMID Version="1">34879168</PMID>
<PMID Version="1">34894165</PMID>
<PMID Version="1">34894379</PMID>
<PMID Version="1">34894415</PMID>
</DeleteCitation>
</PubmedArticleSet>